id, height, width
1, 65.78331, 112.9925
12, 67.62333, 114.143
